ID,Invitado,Job Title,Podcast,quote,Topics,Grabado desde País,Grabado desde Ciudad,Slider,Date created,AppelPodcast,spotify
1,Mariana Flores Mayen,Directora Ejecutiva de Representación Institucional CDMX,"CDMX: escuchar y compartir, una estrategia de inserción internacional",,"Internacionalización, Gobernanza, Espacio Público",México,Puebla,FALSE,2020-07-02,https://podcasts.apple.com/ca/podcast/ciudad-hubs-tracks/id1093603743?i=1000475488505,https://open.spotify.com/episode/10TOlsvfqhHOkCL9aWssPs?si=zkfaJEmIRjC3qXHM_euwQQ
2,Juan Ortiz,Director del Consorcio de Transportes de Zaragoza,Del transporte público colectivo a las plataformas de movilidad,,"Movilidad, Urbanismo, Gobernanza",España,Barcelona,FALSE,2020-07-02,https://podcasts.apple.com/ca/podcast/ciudad-hubs-tracks/id1093603743?i=1000391320970,https://open.spotify.com/episode/121bmQ3T8lnOp85lFAeQre?si=9fERZqT5QV2d_qSI3NDG_A
3,Carlos Felipe Pardo,Senior Manager - Pilots at NUMO -New Urban Mobility Alliance,Ir más despacio para llegar antes,,"Movilidad, Sostenibilidad, Innovación",EEUU,Washington,FALSE,2020-07-02,https://podcasts.apple.com/ca/podcast/ciudad-hubs-tracks/id1093603743?i=1000440992766,https://open.spotify.com/episode/4cVnj89Sz5k6GMNvy9seXH?si=_ECPF-daSACE1l_np5RbrQ
4,Nancy Lozano,Economista Senior Banco Mundial,Big data y urbanismo: lo importante son las preguntas,,"Datos, Urbanismo, Gobernanza",El Salvador,San Salvador,FALSE,2021-01-25,https://podcasts.apple.com/ca/podcast/ciudad-hubs-tracks/id1093603743?i=1000465633344,https://open.spotify.com/episode/0nSCEfBLhdGEIwqYejFc7X?si=1JkctXS2Rn28h9VYkaA2mQ
5,Joao Porto de Albuquerque,"Director, Institute for Global Sustainable Development, University of Warwick",Waterproofing data,,"Datos, Gov-Tech, Resiliencia",España,Barcelona,FALSE,2022-03-07,https://podcasts.apple.com/ca/podcast/ciudad-hubs-tracks/id1093603743?i=1000468470173,https://open.spotify.com/episode/1tO3ZccyHfDhGwiaHgDPfy?si=MspJAZTjQJK5sWqknL5okw
6,Jordi Honey-Roses,"Assistant Professor at the School of Community and Regional Planning, University of British Columbia","En las ciudades, experimentar no es improvisar",,"Urbanismo, Innovación, Espacio Público",España,Barcelona,FALSE,2020-07-02,https://podcasts.apple.com/ca/podcast/ciudad-hubs-tracks/id1093603743?i=1000450957597,https://open.spotify.com/episode/6S9r9XB3luPtZdVcb29yn3?si=vpw7_Of2TYy70b2dzre_Aw
7,Verónica Mansilla,Arquitecta fundadora del Estudio Trecediecinueve,"Las ciudades son ""cosa de niños""",,"Urbanismo, Equidad, Espacio Público",España,Barcelona,FALSE,2017-05-05,https://podcasts.apple.com/ca/podcast/ciudad-hubs-tracks/id1093603743?i=1000425048218,https://open.spotify.com/episode/0kLbHUKsjhfBfziEuwFlDw?si=F1Dyd9UsTxSC5uhj4fN2tA
8,Guillermo Peñalosa,Fundador y presidente de Ciudades 8 80,"Ciudades 880, para los de 8 y los de 80",,"Espacio Público, Equidad, Movilidad",Canada,Toronto,FALSE,2017-02-02,https://podcasts.apple.com/ca/podcast/ciudad-hubs-tracks/id1093603743?i=1000408860992,https://open.spotify.com/episode/77oQtFWpwU8ybMPLY3r7mk?si=PMwOgL1XQ522FpFhpFq0Lg
9,Elkin Velasquez,Director ONUHabitat Latinoamérica y el Caribe,El Malestar en las ciudades,,"Urbanismo, Equidad, Gobernanza",Brasil,Rio de Janeiro,FALSE,2020-07-02,https://podcasts.apple.com/ca/podcast/ciudad-hubs-tracks/id1093603743?i=1000460870405,https://open.spotify.com/episode/54kxLwjThkwS4kI9UeHhzx?si=T6REzC3NQD2j-HEVYyuP_Q
10,Elkin Velasquez,Director ONUHabitat Latinoamérica y el Caribe,La implementación de la nueva agenda urbana - WUF9 Kuala Lumpur,,"Internacionalización, Resiliencia, Gobernanza",Brasil,Rio de Janeiro,FALSE,2022-03-16,https://podcasts.apple.com/ca/podcast/ciudad-hubs-tracks/id1093603743?i=1000404429488,https://open.spotify.com/episode/3LKvaPrpOR5x7wuAZCGQdp?si=4lhxti-eQ2qqBu74AoLxUg
11,Manuel Redondo,Director Smart City Expo Latam,SmartCity Expo Latam: la experiencia latinoamericana,,"Smart Cities, Innovación, Gov-Tech",España,Bilbao,FALSE,2020-07-02,https://podcasts.apple.com/ca/podcast/ciudad-hubs-tracks/id1093603743?i=1000395387019,https://open.spotify.com/episode/3CGGU8qPX3KB1g0iZrXAzO?si=eITVmriLSgCxWT0031c-8A
12,Leonardo Brawl,TransLAB.URB - Co-Founder,Hacker activismo urbano,,"Innovación, Digitalización, Gobernanza",Brasil,Porto Alegre,FALSE,2020-07-02,https://podcasts.apple.com/ca/podcast/ciudad-hubs-tracks/id1093603743?i=1000423195098,https://open.spotify.com/episode/0i2DkzeKNj6S9N59M5ldYd?si=pV091p7mQK68AJhvUFhY2A
13,Mauricio Leclerc,"Transportation Planning Section Manager - Portland, Oregon",Portland: una atípica ciudad estadounidense,,"Movilidad, Urbanismo, Innovación",EEUU,Portland,FALSE,2022-07-03,https://podcasts.apple.com/ca/podcast/ciudad-hubs-tracks/id1093603743?i=1000403022231,https://open.spotify.com/episode/5x0oBfs58K3rphi0ZVHam5?si=5DBx0eUoRiK_G-8HGNiEww
14,CiudadHub,Podcast de las Ciudades,"Vehículos eléctricos: pasado, presente y futuro",,"Movilidad, Electrificación, Sostenibilidad",Canada,Ottawa,FALSE,2020-07-02,https://podcasts.apple.com/ca/podcast/ciudad-hubs-tracks/id1093603743?i=1000368131447,https://open.spotify.com/episode/7kgPcvht4UpTfjdbDQ5Tfd?si=b06J7RIeQFSMGjaFIuB43w
15,Julián Bautista Rojas,Planificador Principal de Transporte en MTA Bus Company - Nueva York,"NYC, el bus también existe!",,"Movilidad, Urbanismo, Internacionalización",España,Zaragoza,FALSE,2020-07-02,https://podcasts.apple.com/ca/podcast/ciudad-hubs-tracks/id1093603743?i=1000420668860,https://open.spotify.com/episode/3wxJHepvp7BvmpgKsVkkXM?si=iWfRYLONSKiSGiHarYm4hg
16,Daniel Treviño,Project Manager de Social Bicycle,Social Bicycle: movilidad medida en byts,,"Movilidad, Bicicleta, Datos",EEUU,New York,FALSE,2020-07-02,https://podcasts.apple.com/ca/podcast/ciudad-hubs-tracks/id1093603743?i=1000371747782,https://open.spotify.com/episode/4sSizDinbkUane7Hruy2SY?si=xUzuy2CvTlOt4gS46ld7fg
17,Mercedes Bidart,"Fellow NYC Mayor's Office, MIT Master in City Planning, QUIPU co-founder","Economía popular, ciudades y tecnología",,"Equidad, Digitalización, Innovación",Argentina,Buenos Aires,FALSE,2021-06-28,https://podcasts.apple.com/ca/podcast/ciudad-hubs-tracks/id1093603743?i=1000448958913,https://open.spotify.com/episode/0aGXhj45fTDM6vvlGdWV1r?si=4reqQ5IhT0yrqCe8owGwRQ
18,Carolina Pozo,Cofundadora Wonder Lab,Wonder Innovation Lab: las ciudades como experimento,,"Innovación, Urbanismo, Espacio Público",EEUU,New York,FALSE,2020-07-02,https://podcasts.apple.com/ca/podcast/ciudad-hubs-tracks/id1093603743?i=1000394443713,https://open.spotify.com/episode/5N0pcHdk8tFfBw7H4zzeUJ?si=BIsCy5g6QTKXTQTmdIGG4Q
19,Cristina Zubillaga,Directora de Desarrollo Sostenible e Inteligente de la Intendencia de Montevideo,Montevideo: laboratorio urbano,,"Innovación, Gov-Tech, Sostenibilidad",Uruguay,Montevideo,FALSE,2020-07-02,https://podcasts.apple.com/ca/podcast/ciudad-hubs-tracks/id1093603743?i=1000376736957,https://open.spotify.com/episode/3ahQufWmaJKAXNZgudvwda?si=icZ8lrQsTxmi2Mf1Vg1PhA
20,Carlos Eduardo Correa,Ex Alcalde de Montería y Alto Consejero para las Regiones de la Presidencia de Colombia,CiudadesR: cómo devolver el río a las ciudades,"Los ríos poco a poco fueron perdiendo importancia y se convirtieron en las cloacas de las ciudades: industria en sus bordes, aguas residuales, residuos de todo tipo. Pero hoy comenzamos a ver cómo los ríos pueden ser instrumentos muy poderosos dentro de la ciudad. Son conectores de casi todas las variables: espacio público, mezcla de usos, innovación, competitividad.","Sostenibilidad, Espacio Público, Urbanismo",Colombia,Montería,FALSE,2020-07-02,https://podcasts.apple.com/ca/podcast/ciudad-hubs-tracks/id1093603743?i=1000385312004,https://open.spotify.com/episode/3g36zBXMxD61yCE6wl1o0j?si=dC7mUsIQRNyGGdTYm8P7Ng
21,Aida Esteban Millet,"Senior Director, Urban Mobility and Smart Cities for LAC at Visa",Nuevos sistemas de pago para la movilidad urbana,"Cuando hablamos de movilidad urbana, nosotros somos una pieza: somos el pago dentro de este proceso. No podemos ir por separado. Existe una creciente demanda de gobiernos y ciudadanos que exigen ciudades más sostenibles, más conectadas, más seguras, más inclusivas. Y todos los actores —gobiernos, proveedores tecnológicos, universidades, startups, fintechs— tenemos que coexistir y trabajar conjuntamente.","Smart Cities, Movilidad, Digitalización",EEUU,Miami,FALSE,2020-07-02,https://podcasts.apple.com/ca/podcast/ciudad-hubs-tracks/id1093603743?i=1000477227309,https://open.spotify.com/episode/1EOQ9OagqobqA3vT4yIv63?si=Y5CcM9V-Qo-CTt6VpYA86Q
22,Pedro Julio Uribe Bermudez,Director Regional de Microsoft para Latinoamérica y el Caribe - Latin America & The Caribbean at Microsoft,Digitalización de las ciudades,,"Smart Cities, Gov-Tech, Digitalización",EEUU,Miami,FALSE,2020-07-02,https://podcasts.apple.com/ca/podcast/ciudad-hubs-tracks/id1093603743?i=1000430529167,https://open.spotify.com/episode/6yvb4gbZnkGG6nIiliAF9K?si=aQBbU--GSGG3XT4gHKcW-A
23,Ellis Juan,Ex-Director Iniciativa Ciudades Emergentes y Sostenibles (BID),¿Cómo enfrentar la rápida urbanización y el cambio climático?,,"Sostenibilidad, Urbanismo, Resiliencia",EEUU,Miami,FALSE,2020-07-02,https://podcasts.apple.com/ca/podcast/ciudad-hubs-tracks/id1093603743?i=1000398690656,https://open.spotify.com/episode/6wUIjS1kacDiij6d6sXrHK?si=AVu1JN_vRSSAIqBU5iVE3A
24,Alain Jorda,Experto en Desarrollo Local y Territorial,"Liderazgo colaborativo, la clave del desarrollo local","Las autoridades locales tienen el problema de que son las que están frente al ciudadano. El gobierno nacional está muy lejos. Mi receta es conseguir que la política, la empresa, la academia y las organizaciones sociales sean capaces de ir juntas a la autoridad superior con un mismo proyecto. Difícilmente esa autoridad se va a negar.","Gobernanza, Innovación, Desarrollo",España,Manresa,TRUE,2020-07-02,https://podcasts.apple.com/ca/podcast/ciudad-hubs-tracks/id1093603743?i=1000440101551,https://open.spotify.com/episode/3HAwZnmuNX6QNViUJOaEC8?si=0AX-E7PUSlSwQNyH0VbwYg
25,Pau Solanilla Franco,"Consultor Internacional, autor de La República de la Reputación","Reputación, el storydoing-telling de las ciudades",,"Internacionalización, Gobernanza, Espacio Público",España,Barcelona,FALSE,2020-04-04,https://podcasts.apple.com/ca/podcast/ciudad-hubs-tracks/id1093603743?i=1000471285168,https://open.spotify.com/episode/3KKZ2VoTRmza7uVEjXov7P?si=3O73Ikn9R3mYcF3XJ1y1xw
26,Carlos Corral,Ex subdirector de planificación de movilidad sostenible del Ayuntamiento de Madrid,De las autopistas urbanas a las calles peatonales,"Hay una foto del antes y después de la Gran Vía que dio la vuelta al mundo en las navidades de 2016. Nadie se daba cuenta de que aquello era un mar de vehículos, incluso los domingos. El urbanismo táctico no solo convenció de que el proyecto era importante para la ciudad, también demostró que era posible convencer a la ciudadanía de lo que en cuatro legislaturas nadie se había atrevido a hacer.","Movilidad, Urbanismo, Sostenibilidad",España,Madrid,FALSE,2020-07-02,https://podcasts.apple.com/ca/podcast/ciudad-hubs-tracks/id1093603743?i=1000446488585,https://open.spotify.com/episode/2LzwWYO7grdTJHgICOtw0z?si=LnAlYomMRn-vEoA9k5mccA
27,Ignacio Alcalde,Experto Smart Cities & Territorios Inteligentes,De las ciudades a los territorios: el modelo diamante,,"Smart Cities, Gobernanza, Internacionalización",España,Madrid,FALSE,2020-07-02,https://podcasts.apple.com/ca/podcast/ciudad-hubs-tracks/id1093603743?i=1000377671173,https://open.spotify.com/episode/42YdiNJb7QKxZkiqUNZYFu?si=g6jQxmq0Q_iga6Ujf-VCCw
28,Claudia Peñaranda,Principal City Planner at Transport for London.,Londres: el transporte urbano como actividad vital,,"Movilidad, Sostenibilidad, Digitalización",Reino Unido,Londres,FALSE,2020-07-02,https://podcasts.apple.com/ca/podcast/ciudad-hubs-tracks/id1093603743?i=1000406474711,https://open.spotify.com/episode/6cKohK8PmEcJpDw3vvpeWP?si=HgZSYjKaQoKv8xP3TD7Ivg
29,Jorge Pérez Jaramillo,Ex-Director de Planeación de Medellín (2012-15) / Lee Kuan Yew World City Prize,Medellín ante los desafíos de su éxito,,"Urbanismo, Gobernanza, Desarrollo",Reino Unido,Oxford,FALSE,2020-07-02,https://podcasts.apple.com/ca/podcast/ciudad-hubs-tracks/id1093603743?i=1000384618088,https://open.spotify.com/episode/2yhYNSH1ieoxhGtlwQtTw4?si=JVR6JMLLTqS8JkQ-0klzzw
30,Patricia Alata,"Directora ""Lima Cómo Vamos?""",Lima cómo vamos: los ciudadanos evalúan su ciudad,,"Gobernanza, Internacionalización, Datos",Perú,Lima,FALSE,2020-07-02,https://podcasts.apple.com/ca/podcast/ciudad-hubs-tracks/id1093603743?i=1000394443714,https://open.spotify.com/episode/6xbZ22ATYnb0EonTqsFm1J?si=ie8pc9g9SG2TMkSIOxLHLg
31,Luis Romhan Diez,Director general Asociación Nacional de Parques de México,Parques urbanos: mucho más que el pulmón de las ciudades,,"Espacio Público, Urbanismo, Sostenibilidad",México,Guadalajara,FALSE,2021-02-02,https://podcasts.apple.com/ca/podcast/ciudad-hubs-tracks/id1093603743?i=1000392500408,https://open.spotify.com/episode/26eHPCX9WqvXWnOC8U45Sc?si=-0GY4tRZTYGYS5rmquKiQQ
32,Guillermo Bernal,"Coordinador de Placemaking Latinoamérica, Fellow de Project for Public Spaces",Placemaking: transformando espacios públicos en lugares,,"Espacio Público, Urbanismo, Placemaking",México,Barcelona,FALSE,2020-07-02,https://podcasts.apple.com/ca/podcast/ciudad-hubs-tracks/id1093603743?i=1000421743124,https://open.spotify.com/episode/2V8mOezyRCmssIuBbm1PJa?si=rK1BT3yZQ6qb424qZFt6jg
33,Carolina Huffman,Fundadora Urbanismo Vivo,"Caminabilidad, la magia de redescubrir la ciudad",,"Urbanismo, Movilidad, Espacio Público",Argentina,Córdoba,FALSE,2020-07-02,https://podcasts.apple.com/ca/podcast/ciudad-hubs-tracks/id1093603743?i=1000422759182,https://open.spotify.com/episode/3KdrD4SjPAYMuajZTnl5DP?si=hfQIRsYlTP2KQEiIYyvv8w
34,Zulma Bolívar,Presidente en Instituto Metropolitano de Urbanismo Taller Caracas,"Caracas, Venezuela: cómo planificar en medio de la crisis",,"Urbanismo, Resiliencia, Gobernanza",Venezuela,Caracas,FALSE,2020-07-02,https://podcasts.apple.com/ca/podcast/ciudad-hubs-tracks/id1093603743?i=1000380054059,https://open.spotify.com/episode/3WLObjkec4EcvOq2A1JrgS?si=EeNM16p6QUG-cv513d3r_g
35,Franco Rinaldi,Especialista en aviación. Auditor.,Aeropuertos: mini-ciudades,,"Movilidad, Urbanismo, Internacionalización",Argentina,Buenos Aires,FALSE,2022-04-20,https://podcasts.apple.com/ca/podcast/ciudad-hubs-tracks/id1093603743?i=1000375136075,https://open.spotify.com/episode/0ATjb9vWRwNoTCMCTVj10o?si=dSXpJ7iVSWidmGLqH1PcyQ
36,Omar Quiroga,"Director Centro de Ciudades Inteligentes, FCE Universidad de Buenos Aires","Ciudades y Universidad, una alianza inteligente",,"Smart Cities, Innovación, Gobernanza",España,Barcelona,FALSE,2021-05-06,https://podcasts.apple.com/ca/podcast/ciudad-hubs-tracks/id1093603743?i=1000424604373,https://open.spotify.com/episode/1I7W5ngODg3aUa4vzxNthr?si=fOVEAWC6TWquRQpPmtVEyg
37,Daniel Abadie,"Ex Subsecretario de Gobierno Digital, Argentina. Consultor Public Digital",Gobierno digital para no hacer esperar al ciudadano,,"Gobernanza, Digitalización, Innovación",Argentina,Buenos Aires,FALSE,2020-07-02,https://podcasts.apple.com/ca/podcast/ciudad-hubs-tracks/id1093603743?i=1000478848610,https://open.spotify.com/episode/3cILK06IJXsyPRjICOTJ0B?si=NgOO7THBRnm4Hn-aJ8pGsQ
38,Fabio Quetglas,"Abogado, Urbanista, Consultor en desarrollo territorial",Megalópolis y tribus: dos caras de las ciudades,,"Gobernanza, Desarrollo, Urbanismo",Argentina,Buenos Aires,FALSE,2020-07-02,https://podcasts.apple.com/ca/podcast/ciudad-hubs-tracks/id1093603743?i=1000384917427,https://open.spotify.com/episode/2bjblHazONIz4iLrPLaMIp?si=-A6ODE7bTeemIKbfMxAhOg
39,Gabriel Lanfranchi,"Director Posgrado Urbanismo Metropolitano, UBA",Urbanismo Metropolitano,,"Urbanismo, Metrópolis, Gobernanza",Argentina,Buenos Aires,FALSE,2020-07-02,https://podcasts.apple.com/ca/podcast/ciudad-hubs-tracks/id1093603743?i=1000517839087,https://open.spotify.com/episode/6DUhk0MrBQEQsZ1QNRLYtJ?si=5jHI9Y6KRXWctXJw6unaiA
40,Iván Acevedo,Director del Taller Profesional de Arquitectura y Urbanismo del Gobierno de Bucaramanga.,"El espacio público, la piel de la democracia",,"Urbanismo, Gobernanza, Espacio Público",España,Barcelona,FALSE,2020-07-02,https://podcasts.apple.com/ca/podcast/ciudad-hubs-tracks/id1093603743?i=1000420078713,https://open.spotify.com/episode/071cpQ37kTdMfGmFBVOhvm?si=GvKgapgjR7Sd8Duh-eTqsA
41,Victoria Alsina,Fellow en el Mossavar-Rahmani Center for Business and Government de la Harvard Kennedy School y Profesora de la Universitat Pompeu Fabra,GovLab: ¿cómo gobernar a través de la tecnología?,,"Smart Cities, Innovación, Gov-Tech",España,Barcelona,FALSE,2020-07-02,https://podcasts.apple.com/ca/podcast/ciudad-hubs-tracks/id1093603743?i=1000402119482,https://open.spotify.com/episode/3PCa5HNkBHcGKYHqpzYyoM?si=3pIPyhfYTkOZ8G7hAcC1yA
42,Darío Hidalgo,Director Ejecutivo de la Fundación Despacio,En movilidad la solución está en compartir,,"Movilidad, Sostenibilidad, Urbanismo",Colombia,Bogotá,FALSE,2020-07-02,https://podcasts.apple.com/ca/podcast/ciudad-hubs-tracks/id1093603743?i=1000433720209,https://open.spotify.com/episode/4VobG5HwXT1PuXdpyphWPo?si=OUmaj-43R76MjNQm0L_O_g
43,Carlos Hernández Correa,Profesor Urbanismo - Universidad Pontificia Javeriana,Gentrificación en las ciudades,,"Urbanismo, Gentrificación, Equidad",Colombia,Bogotá,FALSE,2020-07-02,https://podcasts.apple.com/ca/podcast/ciudad-hubs-tracks/id1093603743?i=1000382469617,https://open.spotify.com/episode/6tNpPIlxQoTBxJ9LGVVhVA?si=V6WKAAMuSnGZo4oBC1hz9A
44,Johnny López,Coordinador de Bogotá del programa Bloomberg para la Seguridad Vial,"Seguridad vial, un tema de salud pública",,"Salud, Seguridad Vial, Movilidad",Colombia,Bogotá,FALSE,2020-07-02,https://podcasts.apple.com/ca/podcast/ciudad-hubs-tracks/id1093603743?i=1000368683874,https://open.spotify.com/episode/6Uclk36poNNNoMp4iwc2Uq?si=1HpAY4g3RmqNeJyLBEe0rg
45,David Uniman,Gerente de la Bicicleta de la Alcaldía de Bogotá (2015-19),"Bogotá, capital de la bicicleta",,"Movilidad, Bicicleta, Urbanismo",Colombia,Bogotá,FALSE,2020-07-02,https://podcasts.apple.com/ca/podcast/ciudad-hubs-tracks/id1093603743?i=1000429341002,https://open.spotify.com/episode/5RuMC51tuOEx8QG5stCP29?si=KK-DNvP9SGCe_6eCk7tW5Q
46,Manu Fernández,Program Coordinator Smart City Expo international events,Ciudades: wikipedias urbanas,,"Smart Cities, Innovación, Gobernanza",España,Barcelona,FALSE,2020-08-27,https://podcasts.apple.com/ca/podcast/ciudad-hubs-tracks/id1093603743?i=1000380554735,https://open.spotify.com/episode/7prTMpO5Corlc5nsrzLYst?si=ddU2OuOxSK2rGuowhwVTVA
47,Víctor Pineda,"President of World ENABLED, Adjunct Professor, Univesity of California at Berkeley",Ciudades inclusivas ¿Cómo gestionar la diversidad?,,"Equidad, Urbanismo, Gobernanza",EEUU,Berkeley,FALSE,2020-07-02,https://podcasts.apple.com/ca/podcast/ciudad-hubs-tracks/id1093603743?i=1000414798619,https://open.spotify.com/episode/6TGFZTuBCkQs0soRXYp4NJ?si=gIdZVGgeQ0mx72foaPZpRQ
48,CiudadHub,Podcast de las Ciudades,"Siglo XXI, el siglo de las ciudades",,"Urbanismo, Internacionalización, Gobernanza",España,Barcelona,FALSE,2020-07-02,https://podcasts.apple.com/ca/podcast/ciudad-hubs-tracks/id1093603743?i=1000364882952,https://open.spotify.com/episode/4Z3VJD1qmQaLYPthXUsJGK?si=NmIPPON5T7iLvLzGUjkx8g
49,Ugo Valenti,Smart City Expo World Congress Director,"Pasado, presente y futuro de las Smart Cities",,"Smart Cities, Innovación, Internacionalización",España,Barcelona,FALSE,2020-07-02,https://podcasts.apple.com/ca/podcast/ciudad-hubs-tracks/id1093603743?i=1000390366026,https://open.spotify.com/episode/6jOdeOCD0bJBDBKq7itjsi?si=NNqb7tNJQaOQVOPvD1hoFA
50,Rosa Suriñach,Partnerships & Communications ONU Habitat,La ciudad como solución: nueva agenda urbana,,"Internacionalización, Urbanismo, Gobernanza",España,Barcelona,FALSE,2020-07-02,https://podcasts.apple.com/ca/podcast/ciudad-hubs-tracks/id1093603743?i=1000389710855,https://open.spotify.com/episode/11PNrE1JmXGQEparJ4WTJY?si=fP6tlMxcTCmkFebTKjbeFw
51,Miguel Rodríguez Planas,Manager -Public-Private Sector Research Center (PPSRC) de IESE,"Bikesharing: dos ruedas, dos modelos",,"Movilidad, Bicicleta, Innovación",España,Barcelona,FALSE,2020-07-02,https://podcasts.apple.com/ca/podcast/ciudad-hubs-tracks/id1093603743?i=1000444074888,https://open.spotify.com/episode/6nkVuCX2uCsT1cofkms5pT?si=hZ8ZubAWQ3axlDM-bo9C9A
52,Mariola Panzuela,Transport Network Manager | C40 Cities,C40: red de ciudades para el desarrollo sostenible,,"Sostenibilidad, Internacionalización, Movilidad",España,Barcelona,FALSE,2017-03-03,https://podcasts.apple.com/ca/podcast/ciudad-hubs-tracks/id1093603743?i=1000424333818,https://open.spotify.com/episode/5BRuS1OrzozQwNf40S89H7?si=PBKsdRTFTa2mMk-7LkEpiA
53,Luis Gómez,Director de Sectores Estratégicos del Ayuntamiento de Barcelona,Las ciudades tienen que reinventar la gestión,,"Gobernanza, Urbanismo, Innovación",España,Barcelona,FALSE,2022-03-26,https://podcasts.apple.com/ca/podcast/ciudad-hubs-tracks/id1093603743?i=1000430009425,https://open.spotify.com/episode/3re7QKcZoKB6sSHqfIpRHK?si=FN30RI_cS0WOcdBI5ac-bg
54,Sara Ortiz,Urban Planner and Sociologist at Col·lectiu Punt 6 SCCL,Urbanismo feminista: visibilizando lo cotidiano,,"Urbanismo, Equidad, Espacio Público",España,Barcelona,FALSE,2020-07-02,https://podcasts.apple.com/ca/podcast/ciudad-hubs-tracks/id1093603743?i=1000456267503,https://open.spotify.com/episode/3agxERa8JqWMt58gnFobAb?si=i1wU8IvgR2yHJuZbyXY-Dg
55,Alvaro Nicolás,Asesor de la Regidora de Movilidad del Ayuntamiento de Barcelona,Bicicletas públicas,,"Movilidad, Bicicleta, Urbanismo",España,Barcelona,FALSE,2020-07-02,https://podcasts.apple.com/ca/podcast/ciudad-hubs-tracks/id1093603743?i=1000370329334,https://open.spotify.com/episode/6rojS0lPtV8xOQ1FLNOa4F?si=3uFJ5TJ6TASUEFQ5BrHELQ
56,Pilar Conesa,CEO de Anteverti - Curadora del SCEWC Barcelona,Smart Cities: una visión global de un concepto en evolución,,"Smart Cities, Innovación, Internacionalización",España,Barcelona,FALSE,2023-05-04,https://podcasts.apple.com/ca/podcast/ciudad-hubs-tracks/id1093603743?i=1000422228583,https://open.spotify.com/episode/7lqyI9aKlOdVknTI9bjSkl?si=EDibtLolRrqr9j_jlOAmhQ
57,Esteban León,Coordinador del Programa de Resiliencia Urbana de UNHabitat,Ciudades Resilientes: estar en forma es la mejor defensa,,"Gobernanza, Resiliencia, Urbanismo",España,Barcelona,FALSE,2020-07-10,https://podcasts.apple.com/ca/podcast/ciudad-hubs-tracks/id1093603743?i=1000400805736,https://open.spotify.com/episode/4zbEwwemnm2m1L2FZX3Ytg?si=33lpewcHTQq2d2IbK9laAA
58,Alvaro Porro González,"Comisionado de Economía Social, Desarrollo Local y Política Alimentaria, Ajuntament de Barcelona","Alimentación, salud y política urbana","Tendemos a pensar en el mundo rural cuando pensamos en las políticas alimentarias, porque allí se produce el alimento. Pero no podemos olvidar que donde se consume y se comercializa la mayor parte son las ciudades. Más de la mitad de la humanidad vive en ciudades. Si queremos transformar el modelo agroalimentario, no puede ocurrir si las ciudades no se implican.","Salud, Innovación, Gobernanza",España,Barcelona,FALSE,2020-07-02,https://podcasts.apple.com/ca/podcast/ciudad-hubs-tracks/id1093603743?i=1000466763821,https://open.spotify.com/episode/5gA3TsP4fCOknlcik2fHTO?si=61FtpWprTU-_Bs8kWODwzA
59,Josep Ferrer,"Ex-Director de Smart City y CIO de Barcelona (2012-15), Director Desarrollo Internacional DOXA",Smart Cities: esto va de personas,,"Smart Cities, Internacionalización, Gobernanza",España,Barcelona,FALSE,2020-07-02,https://podcasts.apple.com/ca/podcast/ciudad-hubs-tracks/id1093603743?i=1000377535590,https://open.spotify.com/episode/3ahQufWmaJKAXNZgudvwda?si=icZ8lrQsTxmi2Mf1Vg1PhA
60,Silvia Casorrán,"Specialist Sustainable Mobility, head of bicycle projects Metropolitan Area of Barcelona","Conexión de áreas metropolitanas, en bici",,"Movilidad, Urbanismo, Metrópolis",España,Barcelona,FALSE,2019-01-01,https://podcasts.apple.com/ca/podcast/ciudad-hubs-tracks/id1093603743?i=1000412305094,https://open.spotify.com/episode/0IqgenJIV0swhwcDiSbiZi?si=vZJP1ZgJQnK1jzJCc1eISg
61,Genis Arnàs Páez,Director del servicio de mercados del Instituto Municipal de Mercados de Barcelona,Mercados Urbanos: una tradición centenaria en las ciudades,,"Espacio Público, Mercados, Urbanismo",España,Barcelona,FALSE,2021-05-06,https://podcasts.apple.com/ca/podcast/ciudad-hubs-tracks/id1093603743?i=1000397479938,https://open.spotify.com/episode/3RUMmKQKEXsBbbzJ4mIWKQ?si=7a2_U90ZQLitFCOJz2cbzg
62,Verónica Kuchinow,CEO SÍMBIOSY. Curadora del Circular Economy European Summit,La simbiosis industrial: nuevo paradigma económico,,"Sostenibilidad, Innovación, Desarrollo",España,Barcelona,FALSE,2020-07-02,https://podcasts.apple.com/ca/podcast/ciudad-hubs-tracks/id1093603743?i=1000372447037,https://open.spotify.com/episode/1SqjZBVsNh1gHgSQSS218E?si=https://open.spotify.com/episode/1SqjZBVsNh1gHgSQSS218E?si=liIOKFXOQESjtiebWpAAqA
63,Salvador Rueda,"Ecólogo urbano. Fundador de la Agencia de Ecología Urbana, Barcelona.",Supermanzanas: urbanismo para los ciudadanos,,"Sostenibilidad, Urbanismo, Espacio Público",España,Barcelona,FALSE,2023-03-03,https://podcasts.apple.com/ca/podcast/ciudad-hubs-tracks/id1093603743?i=1000426785691,https://open.spotify.com/episode/0HsygrTj2vuW8iu5AZQiR4?si=WbIwOpHyR1mfcQHBQXMyBQ
64,Isabelle Anguelovski,Directora del Barcelona Lab for Urban Environmental Justice and Sustainability,"Privilegios ambientales, una nueva forma de desigualdad",,"Sostenibilidad, Equidad, Urbanismo",España,Madrid,FALSE,2020-07-02,https://podcasts.apple.com/ca/podcast/ciudad-hubs-tracks/id1093603743?i=1000452560984,https://open.spotify.com/episode/6ER1GtySs7KSiLzFj7kG0g?si=pyZe0zEJQYqDmmjCOqcpPw
65,Jordi Hereu,Ex-Alcalde de Barcelona - CEO IdentiCity,La ciudad como proyecto,"Para mí la ciudad más smart, más inteligente, es la que es la expresión de un proyecto colectivo de sus ciudadanos, sobre la que después utilizamos como gran instrumento la tecnología.","Gobernanza, Urbanismo, Innovación",España,Barcelona,TRUE,2020-07-02,https://podcasts.apple.com/ca/podcast/ciudad-hubs-tracks/id1093603743?i=1000407391334,https://open.spotify.com/episode/1O9k9RJSb5ndxwJLXeT3ZA?si=A-cteR-7T4us74HRH-EXEQ
66,Elvis García,Doctor en Salud Pública. Harvard University,Urbanismo y salud: el Covid es un síntoma,,"Urbanismo, Salud, Resiliencia",EEUU,Miami,FALSE,2020-07-02,https://podcasts.apple.com/ca/podcast/ciudad-hubs-tracks/id1093603743?i=1000482574229,https://open.spotify.com/episode/5pn3fgwv4LPehFCk6irDe8?si=LenO0wlxRfyykYfbaF9gfA
67,Sergio Vinitsky,"Fundador Smart Cities Institute, Israel","Israel, Start-Up Nation",,"Smart Cities, Innovación, Gov-Tech",Israel,Tel Aviv,FALSE,2022-03-16,https://podcasts.apple.com/ca/podcast/ciudad-hubs-tracks/id1093603743?i=1000503802297,https://open.spotify.com/episode/2tI1gLIBuvyMoRIHrZJE0X?si=FGBFrvc8TXOqXwz1hHxZcw
68,Mónica Taher,Technological & Economic International Affairs at Trade & Investments Secretariat - El Salvador’s Government,El Salvador: el cambio va de la mano de la tecnología,,"Smart Cities, Gov-Tech, Digitalización",España,Barcelona,FALSE,2022-10-27,https://podcasts.apple.com/ca/podcast/ciudad-hubs-tracks/id1093603743?i=1000506524995,https://open.spotify.com/episode/5NrpJkrxfpoJBRkimtxtbc?si=5MpniOKfSZSH0K8M4bf8pQ
69,Luis Herrera Favela,"City Prosperity Initiative, UN-Habitat","City Prosperity Initiative, UN-Habitat",,"Internacionalización, Urbanismo, Desarrollo",España,Barcelona,FALSE,2020-07-02,https://podcasts.apple.com/ca/podcast/ciudad-hubs-tracks/id1093603743?i=1000507372571,https://open.spotify.com/episode/0gj9tmYtCXM1bfpg5ExebE?si=PjOMnAoIQ6yOH-fmplYZ3g
70,Gabriel Lanfranchi,Director Ciudades CIPPEC,"Nuevos problemas, nuevas competencias",,"Gobernanza, Metrópolis, Innovación",Argentina,Buenos Aires,FALSE,2020-07-02,https://podcasts.apple.com/ca/podcast/ciudad-hubs-tracks/id1093603743?i=1000443424811,https://open.spotify.com/episode/5Rrcu8okMIQF7j10Nc1EDO?si=W4nHSCDOTkqx5e1TiG03gQ
71,Octavi de la Varga Mas,Metropolis Secretary General,"Metrópolis, el desafío de la escala humana",,"Movilidad, Urbanismo, Metrópolis",España,Barcelona,FALSE,2022-07-03,https://podcasts.apple.com/us/podcast/metrópolis-el-desaf%C3%ADo-de-la-escala-humana/id1093603743?i=1000516989505,https://open.spotify.com/episode/5eD8VV5ZNJDXUUxCQEDyx7?si=j24Lm1W1TXufmd4hw2ymxQ
72,Carles Benito,Presidente Bicicleta Club de Catalunya,La bici vino para quedarse,"Cuando miras una sociedad, si miras cómo se mueve, te puede decir muchas pistas sobre cómo es esa sociedad. Cuando te subís a una bicicleta lo acabás entendiendo todo un poco. Es como que abrís los ojos a tu entorno, a tu vida, y empezás a desbloquear elementos que en tiempos de crisis climática y tantas malas noticias, uno necesitaba desbloquear.","Movilidad, Bicicleta, Urbanismo",España,Barcelona,FALSE,2021-05-06,https://podcasts.apple.com/us/podcast/la-bici-vino-para-quedarse/id1093603743?i=1000519737149,https://open.spotify.com/episode/43yWoqo8HKAM8SMbLb9nsF?si=WJlkhHv-RVqOkg3G1MOsfg
73,Federico Bervejillo,"Catedrático de Urbanismo, Ambiente y Paisaje de la Universidad ORT en Uruguay",Urbanistas: integradores en clave espacial,,"Urbanismo, Metrópolis, Gobernanza",Uruguay,Montevideo,FALSE,2020-07-02,https://podcasts.apple.com/ca/podcast/ciudad-hubs-tracks/id1093603743?i=1000523565982,https://open.spotify.com/episode/2BT8vECE0h3sFQoeiA02Nu?si=Dylg8ID4SPSa_n997DRrOA
74,Melisa Breda,"Subsecretaria de Políticas Públicas basadas en Evidencia, Ciudad de Buenos Aires",Buenos Aires: Un elefante ágil,,"Gobernanza, Innovación, Datos",Argentina,Buenos Aires,FALSE,2020-07-02,https://podcasts.apple.com/ca/podcast/ciudad-hubs-tracks/id1093603743?i=1000527175980,https://www.spreaker.com/episode/45482121
75,Agustín Suárez,Subsecretario de Ciudad Inteligente,Boti: Una experiencia ciudadana,"Los documentos hoy los centraliza el gobierno, pero son de las personas. La idea es que si un chico necesita una partida de nacimiento para anotarse en el colegio, no tenga que ir al registro civil, hacer la fila, y llevar un papel de una oficina de gobierno a otra. Si la partida está asociada a tu identidad digital, se la facilitamos en una carpeta y desde ahí la podés compartir.","Datos, Digitalización, Gobernanza",Argentina,Buenos Aires,FALSE,2022-03-07,https://podcasts.apple.com/us/podcast/boti-una-experiencia-ciudadana/id1093603743?i=1000552154833,https://open.spotify.com/episode/6Q7cWs225sNUpUiZZZc5y8?si=lAqsYByDTLypokzJIRkIFg
76,Diana Maria Parra Romero,Subsecretaria de Politicas de Igualdad de Bogotá,Ciudades cuidadoras,,"Equidad, Gobernanza, Desarrollo",Colombia,Bogotá,FALSE,2022-03-07,https://podcasts.apple.com/us/podcast/bogot%C3%A1-una-ciudad-cuidadora/id1093603743?i=1000535344330,https://open.spotify.com/episode/1dqU6pFBnhGbbn0zUihYrg?si=WD1AUwB_RiyI6h-wH0oAbQ
77,Javier Creus,Fundador & Director de estrategia de Ideas for Change,Ciudadanía 3.0,,"Gobernanza, Digitalización, Innovación",España,Barcelona,FALSE,2020-07-02,https://podcasts.apple.com/us/podcast/ciudadanos-3-0/id1093603743?i=1000543315413,https://open.spotify.com/episode/7nwVHZOwNI9eZZuv26jLxY?si=Vrf-jHONRzKhZNO-aG52BQ
78,Sarah Williams,Director of the Civic Data Design Lab @ MIT - Author: Data Action,Data for public good in metropolitan areas,,"Datos, Movilidad, Innovación",EEUU,Boston,FALSE,2023-01-01,https://podcasts.apple.com/us/podcast/data-for-public-good-in-metropolitan-areas/id1093603743?i=1000531225243,https://open.spotify.com/episode/4QB2GcFmBTeMx2gUapfzOu?si=ba5ea84e7bb24ff1
79,Edgardo Bilsky,Director de investigación del Secretariado Mundial de Ciudades y Gobiernos Locales Unidos (CGLU),"Desigualdad urbana, un reto del presente",,"Equidad, Gobernanza, Desarrollo",México,Guadalajara,FALSE,2020-07-02,https://podcasts.apple.com/us/podcast/desigualdad-urbana-un-reto-del-presente/id1093603743?i=1000554144936,https://open.spotify.com/episode/1foxnB7UI2i8GZURNV7MFL?si=TfVyF7jDS92sOUtg-NoX8A
80,Lorena Zárate,Founder Global Platform for the Right to the City,El derecho a la ciudad,,"Equidad, Gobernanza, Urbanismo",Canada,Ottawa,FALSE,2020-07-02,https://podcasts.apple.com/ca/podcast/ciudad-hubs-tracks/id1093603743?i=1000555322146,https://open.spotify.com/episode/1588LsqOMi6rWcKJ3iOqBb?si=6eafae54e0d6445c
81,Fernando García,Alcalde de la Bici en Madrid,Alcaldes de la bicicleta: Madrid,,"Movilidad, Bicicleta, Urbanismo",España,Madrid,FALSE,2021-05-31,https://podcasts.apple.com/ca/podcast/ciudad-hubs-tracks/id1093603743?i=1000558173519,https://open.spotify.com/episode/4DAdVvq3CUOKPH5GuXwwHf?si=8ef44125b0f34ae1
82,Martin Yeza,Intendente de Pinamar,Pinamar: la reinvención del mar,Hay ciudades que ganan dinero mientras se degradan. Pinamar era una de ellas: cinco intendentes destituidos por corrupción en siete años. Fue entonces cuando los vecinos eligieron a alguien de 29 años que nunca había gobernado nada. Lo que encontró no era solo una crisis institucional: era una ciudad que había dejado de creer en sí misma.,"Espacio Público, Desarrollo, Gobernanza",Argentina,Pinamar,TRUE,2020-07-02,https://podcasts.apple.com/us/podcast/pinamar-la-reinvenci%C3%B3n-del-mar/id1093603743?i=1000568666714,https://open.spotify.com/episode/2PpNRwrTz4dhYO9YvdUsPf?si=AgYrB_t-QYW08G1FP5X4JQ
83,Nicolás Galarza,Viceministro de Ambiente de Colombia,"La expansión urbana, una aliada de la biodiversidad.",,"Sostenibilidad, Equidad, Urbanismo",Colombia,Bogotá,FALSE,2020-07-02,https://podcasts.apple.com/ca/podcast/ciudad-hubs-tracks/id1093603743?i=1000567274033,https://open.spotify.com/episode/3zYpHdC4okzY0n0eYVeQUQ?si=s-4aEX5JQSOs4ZF3jtHDqQ
84,Agustí Fernández de Losada,Director del programa Ciudades Globales (CIDOB),Ciudades globales en un mundo desglobalizado,"Las grandes ciudades se están convirtiendo en focos de resistencia ante el autoritarismo y el nacionalismo excluyente. Cuando Estados Unidos salió de los acuerdos de París, Nueva York, Chicago y Los Ángeles se mantuvieron. Las capitales de Hungría, Polonia y Turquía contraponiendo la lógica de sus propios gobiernos. La reacción es muy urbana.","Internacionalización, Gobernanza, Urbanismo",España,Barcelona,TRUE,2022-08-04,https://podcasts.apple.com/ca/podcast/ciudades-globales-en-un-mundo-desglobalizado/id1093603743?i=1000571151410,https://open.spotify.com/episode/0xMm1L5RS0GTH84bEO5BHb?si=edc7bc4c55f64cd9
85,Mireia Piqueras,Vocal del proyecto Bicibus Barcelona,A la escuela en Bicibus!,,"Movilidad, Bicicleta, Equidad",España,Barcelona,FALSE,2020-07-02,https://podcasts.apple.com/ca/podcast/ciudad-hubs-tracks/id1093603743?i=1000583584745,https://open.spotify.com/episode/3gruPqplDXneqNNqnPfne1?si=HRWrVxwwQOm97TnjoO0-PA
86,Pedro Espondaburu,"Docente Innovación y Desarrollo. Ciencias Económicas Unicen. Tandil, Argentina","Tandil, un modelo inspirador",,"Innovación, Desarrollo, Gobernanza",Argentina,Tandil,FALSE,2020-07-02,https://podcasts.apple.com/us/podcast/tandil-un-modelo-inspirador/id1093603743?i=1000611751709,https://open.spotify.com/episode/0UwM9c3P8ns6iQsy6KXZn4?si=bHJ-BC06TkSoIamY_-lHCw
87,Diana Celis,"Consultora en Proyectos de TIC, Ciudades y Territorios Inteligentes",Smart City: Modelo Latam,Los mandatarios de nuestras ciudades no son expertos en todo. Y uno no puede ir a un supermercado a comprar semáforos inteligentes.,"Smart Cities, Gov-Tech, Innovación",Colombia,Bogotá,FALSE,2023-05-15,https://podcasts.apple.com/us/podcast/smart-cities-el-modelo-latam/id1093603743?i=1000610928223,https://open.spotify.com/episode/6NLH0YWOwvXdT8mhcvX4hf?si=kmEd_ekNRyqMkgtdgbJxPQ
88,Xavi Matilla,"Urbanista, profesor ETSAV-UPC. Arquitecte en Cap de Barcelona (2019-2023)",De las estrategias a los cambios reales,Nunca puedes esperar a tener un consenso total para empezar un proyecto de transformación. Hay que empezarlo asumiendo que habrá conflictividad.,"Urbanismo, Gobernanza, Espacio Público",España,Barcelona,FALSE,2020-07-02,https://podcasts.apple.com/us/podcast/de-las-estrategias-a-los-cambios-reales/id1093603743?i=1000663958522,https://open.spotify.com/episode/2MQlLEIBbRItptpnud4DRY?si=15ad593618824460
89,Luz Amparo Medina,"Consultora, socia de Phare Territorios Globales, Directora Distrital de Relaciones Internacionales de Bogotá (2020-24)",Impacto local de la acción global de las ciudades,"En un mundo donde las ciudades concentran ya la mitad de la humanidad,
la acción global de los gobiernos locales dejó de ser un lujo diplomático, es la palanca que conecta las agendas globales con las realidades de los ciudadanos, la que pone a una ciudad en el mapa de la cooperación y el financiamiento, y la que transforma la experiencia internacional en política pública de calidad.","Internacionalización, Gobernanza, Cooperación",México,Guadalajara,FALSE,2020-07-02,https://podcasts.apple.com/us/podcast/impacto-local-de-la-acci%C3%B3n-global-de-las-ciudades/id1093603743?i=1000666048621,https://open.spotify.com/episode/3GEJI67oSU9QANIzyrK1c1?si=8py6PmLIS7OktdF5IJndcQ
90,Sebastián Fermani,"Secretario de Ambiente y Desarrollo Urbano de la Ciudad de Mendoza, Argentina","Mendoza, un oasis urbano",Mendoza es una provincia que se construye a partir de un uso racional de uno de los recursos más importantes que tenemos a nivel planetario: el agua.,"Sostenibilidad, Agricultura, Urbanismo",Argentina,Mendoza,FALSE,2020-07-02,https://podcasts.apple.com/us/podcast/mendoza-un-oasis-urbano/id1093603743?i=1000666946582,https://open.spotify.com/episode/4sJBFL63ktIinG7yUl08wK?si=XSKrA6U7Tqq0VVLiGjPhOg
91,Stephane Bazire,"Director de Sostenibilidad de Silverstone, UK","Silverstone, un evento, una ciudad",,"Sostenibilidad, Innovación, Movilidad",Reino Unido,Silverstone,FALSE,2020-12-29,https://podcasts.apple.com/us/podcast/silverstone-un-evento-una-ciudad/id1093603743?i=1000669990311,https://open.spotify.com/episode/4jjB5Qu9crR7j3E1f3tsdV?si=LLkcqiJERaWwV40HN3Z_BA
92,Ramon Gras Alumà,"Investigador en Ciencias de la Ciudad y Diseño Urbano, Universidad de Harvard, cofundador de Aretian","Urbanismo, una danza entre ciencia y arte",,"Urbanismo, Innovación, Espacio Público",EEUU,Boston,FALSE,2020-07-02,https://podcasts.apple.com/us/podcast/urbanismo-una-danza-entre-ciencia-y-arte/id1093603743?i=1000671222672,https://open.spotify.com/episode/09n34hUOJ0Ar62MTAuApx2?si=t3W-9xvIQFSzE9mZPQ2WnQ
93,Samanta Szusterman,"Diseñadora industrial, directora de Arquilúdica: estudio de diseño de espacios lúdicos, deportivos y de encuentro","Buenos Aires: juegos, deporte y espacio urbano",No me puedo partir en dos si vos hacés un patio de juegos para dos edades distintas.,"Espacio Público, Urbanismo, Movilidad",España,Barcelona,FALSE,2026-06-02,https://podcasts.apple.com/us/podcast/buenos-aires-juegos-deporte-y-espacio-urbano/id1093603743?i=1000750039015,https://open.spotify.com/episode/451DDoSSZLKTg4IxajSNGw?si=GZupnRnjR3SqpnQnh9RUrg
94,Guillermo Chávez,"Estonia e-Residency - Business Development Coordinator (Spain, Latin America)","Estonia, un país sin fronteras digitales","Conozco mucha gente que me dice: me cambió la vida, me resolvió la vida.","Smart Cities, Gov-Tech, Digitalización",Estonia,Tallin,FALSE,2020-07-02,https://podcasts.apple.com/us/podcast/estonia-un-pa%C3%ADs-sin-fronteras-digitales/id1093603743?i=1000753135947,https://open.spotify.com/episode/3bpl5klGvyUjvwT60Z4TW5?si=U5IXdM9uSeOnWfJemeWnRg
95,Mariano Turzi,"Dr en RRII, profesor Universidad Austral, Argentina","Ciudades, geopolítica y el nuevo (des) orden mundial","Para el mundo en general y para las ciudades en particular, se reducen los grados de libertad.","Internacionalización, Gobernanza, Urbanismo",Argentina,Buenos Aires,FALSE,2026-06-04,https://podcasts.apple.com/us/podcast/ciudades-geopol%C3%ADtica-y-el-nuevo-des-orden-mundial/id1093603743?i=1000754009235,https://open.spotify.com/episode/0TiewNr5ipqg2SU07vWMUl?si=6VnkOLFuSxmQgJPVDL4e1w
96,Patricio Ovalle Woods,"Senior Innovation Advisor | Expert in Entrepreneurship & Innovation Ecosystems, Providencia, Chile","Ecosistemas urbanos innovadores, Gov-Tech y talento","Un proceso de innovación enfrenta cerca de 120 problemas, de los cuales se activan 30 simultáneamente. Los seres humanos podemos manejar entre cinco y siete.","Innovación, Gov-Tech, Desarrollo",Chile,Santiago,FALSE,2026-06-05,https://podcasts.apple.com/us/podcast/ecosistemas-urbanos-innovadores-gov-tech-y-talento/id1093603743?i=1000756742211,https://open.spotify.com/episode/2uPljFpCx5JXOmM4eToiYF?si=hKMJQZfoS3C887xutXoFuw
97,Usama Bilal,"Associate Professor of Epidemiology and Co-Director of the Urban Health Collaborative
Epidemiology and Biostatistics, Drexel University, Philadelphia",Salud urbana: cómo la ciudad define nuestra calidad de vida,"Con la pandemia nos dimos cuenta de que la salud de todos es cosa de todos, no solo cosa de cada uno.","Salud, Innovación, Urbanismo",EEUU,Philadelphia,FALSE,2026-06-06,https://podcasts.apple.com/us/podcast/salud-urbana-c%C3%B3mo-la-ciudad-define-nuestra-calidad-de-vida/id1093603743?i=1000761316362,https://open.spotify.com/episode/7ucl4XdvFlJjH5quHWms9k?si=bsj2QFK-TgepZjKyJQqFDw
98,Dennis Quennet,"Director de los Proyectos de Ciudades, Transporte e Industria sustentable de GIZ, cooperación alemana al desarrollo sustentable, en Mexico.",Cooperación Internacional: un aprendizaje compartido,"En América Latina muchas veces alguien ya se lo preguntó, y en muchos casos alguien también ya lo solucionó. En algún lugar ya alguien va más avanzado.","Cooperación, Internacionalización, Movilidad",México,México,FALSE,2021-03-17,https://podcasts.apple.com/us/podcast/cooperaci%C3%B3n-internacional-un-aprendizaje-compartido/id1093603743?i=1000511337422,https://open.spotify.com/episode/3KVEHX5HvkjuSh312uoKu6?si=PfZmahRER7CZvKL_D-46xA
101,María Teresa Nogales,"Directora Ejecutiva Fundación Alternativas - La Paz, Bolivia",Agricultura urbana y políticas alimentarias,,"Agricultura, Alimentación, Equidad",Bolivia,La Paz,FALSE,2022-09-19,https://podcasts.apple.com/us/podcast/agricultura-urbana-y-pol%C3%ADticas-alimentarias/id1093603743?i=1000579940651,https://open.spotify.com/episode/72XtbceO7BdKWmnZJu2sVV?si=lk5qLvZTTC2H_nmjvF9glA
102,Salvador Rueda,"Ecólogo urbano. Fundador de la Agencia de Ecología Urbana, Barcelona.",Urbanismo ecosistémico,Lo que permite acomodar todos los intereses en el interior de la supermanzana es la velocidad. Con 10 km/h conseguimos que el niño pueda jugar en la calle a la pelota.,"Urbanismo, Espacio Público, Sostenibilidad",España,Barcelona,FALSE,2021-05-10,https://podcasts.apple.com/us/podcast/urbanismo-ecosist%C3%A9mico/id1093603743?i=1000521171292,https://open.spotify.com/episode/4sWYSykzdOhlW7OxDlbhb7?si=1c6xqdBcRDKUukphr2BWNA
103,Mercedes Vidal,ex Concejal de Movilidad y ex Presidenta de Transportes Metropolitanos de Barcelona,Procesos participativos en el diseño del transporte público,Barcelona cuenta con un transporte público excelente. En TMB se movían 1.700.000 personas cada día.,"Movilidad, Gobernanza, Espacio Público",España,Barcelona,FALSE,2020-12-20,https://podcasts.apple.com/us/podcast/procesos-participativos-en-el-dise%C3%B1o-del-transporte/id1093603743?i=1000501900029,https://open.spotify.com/episode/2TuonhQCvlWxc8UtCijMLT?si=oMwJfeBhT1iF4sPbiH6Q4A
104,José Corral,"Intendende de la ciudad de Santa Fe, Argentina 2011-2019",Resiliencia: una estrategia para las ciudades,"La prevención no paga políticamente. Si uno es exitoso en prevenir, las cosas no ocurren. Es como convencer a la gente de que tiene que votar por la noticia que no ocurrió.","Resiliencia, Gobernanza, Urbanismo",Argentina,Santa Fe,FALSE,2021-06-22,https://podcasts.apple.com/us/podcast/resiliencia-una-estrategia-para-las-ciudades/id1093603743?i=1000526410232,https://open.spotify.com/episode/75QjcwTgpOVZT0NVsdf8cI?si=U5qfwf82T0mpM3D0uxFb8Q
106,Ana Rivas De Gante,"Co-Founder Street Experiments for Transitions, Technical University of Munich",Street Experiments for Transitions: la calle como terreno de pruebas,Las calles son espacios públicos y tenemos que empezar a cambiar la manera en que vemos las calles.,"Innovación, Urbanismo, Placemaking",Alemania,Münich,TRUE,2026-08-21,https://podcasts.apple.com/us/podcast/street-experiments-for-transitions-la-calle-como-terreno/id1093603743?i=1000784868907,https://open.spotify.com/episode/5D7pCYAProAfmkxR81UWUz?si=08sqp3CPRkOSAmvNtNc47w
